content_idx,style_idx,RSI_vals,----,SCAR_vals_normalized
2,1,0.093982;0.093058;0.093669;0.093586;0.091094;0.092969;0.091691;0.093592;0.092549;0.092467;0.091446;0.093406;0.091190;0.092703;0.092137;0.094657,----,0.516205;0.582035;0.304069;0.671349;0.000000;0.367381;0.515234;0.596944;0.054833;0.434931;0.048845;0.672654;0.237072;0.421508;0.530356;1.000000
